<?xml version="1.0"?>
<Req>
	<Head>
		<TranDate>20180622</TranDate>
	</Head>
	<Body>
		<ResultDetail>
			<ProposalPrtNo>SH8000003013</ProposalPrtNo>
			<ContNo>00062730</ContNo>
			<Result>01</Result>
			<ReMark>核保通过</ReMark>
			<UWDate>20180621</UWDate>
			<TotalPrem>437470</TotalPrem>
			<Prem>437470</Prem>
			<Amnt>500000</Amnt>
			<MainRiskCode>LA11BA</MainRiskCode>
			<PayIntv>Y</PayIntv>
			<List>
				<Risk>
					<RiskCode>LA11BA</RiskCode>
					<RiskState>01</RiskState>
					<Mult>1</Mult>
					<Prem>437470</Prem>
					<Amnt>500000</Amnt>
					<InsuYearFlag>1</InsuYearFlag>
					<InsuYear>25</InsuYear>
					<PayEndYearFlag>1</PayEndYearFlag>
					<PayEndYear>10</PayEndYear>
				</Risk>
			</List>
		</ResultDetail>
	</Body>
</Req>
